{
  "iterations": 1991,
  "depth": 10,
  "learning_rate": 0.1848232926437564,
  "l2_leaf_reg": 2.1704575003580895,
  "subsample": 0.6514377826093692,
  "colsample_bylevel": 0.8176754508303175,
  "random_strength": 1.2882871141348935,
  "min_data_in_leaf": 8
}